{"cameraMode":{"drawMode":0,"name":"Shaded","section":"Shading Mode"},"sceneLighting":false,"audioPlay":false,"sceneViewState":{"showFog":true,"showMaterialUpdate":false,"showSkybox":false,"showFlares":true,"showImageEffects":true,"showParticleSystems":true},"in2DMode":false,"pivot":{"x":11.326087951660157,"y":2.2863457202911379,"z":-7.562780380249023},"rotation":{"x":0.05703555420041084,"y":0.6162201166152954,"z":-0.04481901600956917,"w":0.7842298746109009},"size":1.0221798419952393,"orthographic":false}