{"cameraMode":{"drawMode":0,"name":"Shaded","section":"Shading Mode"},"sceneLighting":false,"audioPlay":false,"sceneViewState":{"showFog":true,"showMaterialUpdate":false,"showSkybox":false,"showFlares":true,"showImageEffects":true,"showParticleSystems":true},"in2DMode":false,"pivot":{"x":-0.5532369613647461,"y":2.4499998092651369,"z":-2.234365224838257},"rotation":{"x":0.26477113366127016,"y":-0.3124493658542633,"z":0.09113502502441406,"w":0.9077345728874207},"size":22.4034423828125,"orthographic":false}