{"cameraMode":{"drawMode":0,"name":"Shaded","section":"Shading Mode"},"sceneLighting":false,"audioPlay":false,"sceneViewState":{"showFog":true,"showMaterialUpdate":false,"showSkybox":true,"showFlares":true,"showImageEffects":true,"showParticleSystems":true},"in2DMode":false,"pivot":{"x":10.542013168334961,"y":2.301468849182129,"z":-8.023252487182618},"rotation":{"x":0.1935541331768036,"y":0.765603244304657,"z":-0.26867079734802248,"w":0.5515523552894592},"size":4.125489711761475,"orthographic":false}