{"cameraMode":{"drawMode":0,"name":"Shaded","section":"Shading Mode"},"sceneLighting":false,"audioPlay":false,"sceneViewState":{"showFog":true,"showMaterialUpdate":false,"showSkybox":false,"showFlares":true,"showImageEffects":true,"showParticleSystems":true},"in2DMode":false,"pivot":{"x":0.1258002668619156,"y":-0.18267393112182618,"z":0.3300390839576721},"rotation":{"x":0.26477113366127016,"y":-0.3124493658542633,"z":0.09113502502441406,"w":0.9077345728874207},"size":1.7051594257354737,"orthographic":false}