{"cameraMode":{"drawMode":0,"name":"Shaded","section":"Shading Mode"},"sceneLighting":false,"audioPlay":false,"sceneViewState":{"showFog":true,"showMaterialUpdate":false,"showSkybox":false,"showFlares":true,"showImageEffects":true,"showParticleSystems":true},"in2DMode":false,"pivot":{"x":10.74851131439209,"y":2.3289458751678469,"z":-11.260000228881836},"rotation":{"x":0.1935541331768036,"y":0.765603244304657,"z":-0.26867079734802248,"w":0.5515523552894592},"size":1.4289418458938599,"orthographic":false}