{"cameraMode":{"drawMode":0,"name":"Shaded","section":"Shading Mode"},"sceneLighting":false,"audioPlay":false,"sceneViewState":{"showFog":true,"showMaterialUpdate":false,"showSkybox":true,"showFlares":true,"showImageEffects":true,"showParticleSystems":true},"in2DMode":false,"pivot":{"x":-22.00509262084961,"y":1.5133097171783448,"z":-23.914417266845704},"rotation":{"x":0.15862694382667542,"y":-0.44687700271606448,"z":0.0808570384979248,"w":0.876700758934021},"size":0.6589008569717407,"orthographic":false}