{"cameraMode":{"drawMode":0,"name":"Shaded","section":"Shading Mode"},"sceneLighting":false,"audioPlay":false,"sceneViewState":{"showFog":true,"showMaterialUpdate":false,"showSkybox":false,"showFlares":true,"showImageEffects":true,"showParticleSystems":true},"in2DMode":false,"pivot":{"x":10.74851131439209,"y":2.3289458751678469,"z":-11.260000228881836},"rotation":{"x":0.3336328864097595,"y":-0.19458478689193726,"z":0.07058832049369812,"w":0.9196974635124207},"size":10.0,"orthographic":false}