{"cameraMode":{"drawMode":0,"name":"Shaded","section":"Shading Mode"},"sceneLighting":false,"audioPlay":false,"sceneViewState":{"showFog":true,"showMaterialUpdate":false,"showSkybox":true,"showFlares":true,"showImageEffects":true,"showParticleSystems":true},"in2DMode":false,"pivot":{"x":150.44805908203126,"y":3.4245924949645998,"z":120.50713348388672},"rotation":{"x":-0.38652268052101138,"y":-0.5594785809516907,"z":0.3303714096546173,"w":-0.6545841097831726},"size":0.836580216884613,"orthographic":false}