{"cameraMode":{"drawMode":0,"name":"Shaded","section":"Shading Mode"},"sceneLighting":false,"audioPlay":false,"sceneViewState":{"showFog":true,"showMaterialUpdate":false,"showSkybox":false,"showFlares":true,"showImageEffects":true,"showParticleSystems":true},"in2DMode":false,"pivot":{"x":1.4429174661636353,"y":-0.01635907217860222,"z":0.4583740234375},"rotation":{"x":-0.000029247852580738254,"y":0.9998088479042053,"z":0.019498741254210473,"w":0.0014997133985161782},"size":0.43713152408599856,"orthographic":true}