{"cameraMode":{"drawMode":0,"name":"Shaded","section":"Shading Mode"},"sceneLighting":false,"audioPlay":false,"sceneViewState":{"showFog":true,"showMaterialUpdate":false,"showSkybox":true,"showFlares":true,"showImageEffects":true,"showParticleSystems":true},"in2DMode":false,"pivot":{"x":18.252826690673829,"y":-1.931199073791504,"z":32.6125373840332},"rotation":{"x":0.42009517550468447,"y":0.39909690618515017,"z":-0.2131299078464508,"w":0.7866502404212952},"size":7.738649845123291,"orthographic":false}