{"cameraMode":{"drawMode":0,"name":"Shaded","section":"Shading Mode"},"sceneLighting":false,"audioPlay":false,"sceneViewState":{"showFog":true,"showMaterialUpdate":false,"showSkybox":false,"showFlares":true,"showImageEffects":true,"showParticleSystems":true},"in2DMode":false,"pivot":{"x":11.742347717285157,"y":-0.2629946768283844,"z":-10.24307632446289},"rotation":{"x":-0.08132705092430115,"y":0.819122850894928,"z":-0.12003029882907868,"w":-0.554996907711029},"size":2.2046847343444826,"orthographic":false}