{"cameraMode":{"drawMode":0,"name":"Shaded","section":"Shading Mode"},"sceneLighting":false,"audioPlay":false,"sceneViewState":{"showFog":true,"showMaterialUpdate":false,"showSkybox":true,"showFlares":true,"showImageEffects":true,"showParticleSystems":true},"in2DMode":false,"pivot":{"x":229.2781982421875,"y":-183.55691528320313,"z":100.35700225830078},"rotation":{"x":0.3258382976055145,"y":0.6416191458702087,"z":-0.3480950593948364,"w":0.6008679866790772},"size":144.77621459960938,"orthographic":false}