{"cameraMode":{"drawMode":0,"name":"Shaded","section":"Shading Mode"},"sceneLighting":false,"audioPlay":false,"sceneViewState":{"showFog":true,"showMaterialUpdate":false,"showSkybox":false,"showFlares":true,"showImageEffects":true,"showParticleSystems":true},"in2DMode":false,"pivot":{"x":1.888177514076233,"y":0.3996203541755676,"z":0.8505699634552002},"rotation":{"x":0.08144193142652512,"y":0.8322582840919495,"z":-0.12706075608730317,"w":0.5334513783454895},"size":1.637131690979004,"orthographic":false}