{"cameraMode":{"drawMode":0,"name":"Shaded","section":"Shading Mode"},"sceneLighting":false,"audioPlay":false,"sceneViewState":{"showFog":true,"showMaterialUpdate":false,"showSkybox":true,"showFlares":true,"showImageEffects":true,"showParticleSystems":true},"in2DMode":false,"pivot":{"x":4.682830333709717,"y":0.22990426421165467,"z":-17.5317325592041},"rotation":{"x":0.24553194642066956,"y":-0.5601956844329834,"z":0.17845647037029267,"w":0.7707479596138},"size":0.6073950529098511,"orthographic":false}