{"cameraMode":{"drawMode":0,"name":"Shaded","section":"Shading Mode"},"sceneLighting":false,"audioPlay":false,"sceneViewState":{"showFog":true,"showMaterialUpdate":false,"showSkybox":true,"showFlares":true,"showImageEffects":true,"showParticleSystems":true},"in2DMode":false,"pivot":{"x":8.105945587158204,"y":1.3929479122161866,"z":16.172016143798829},"rotation":{"x":-0.16607216000556947,"y":-0.6727666258811951,"z":0.15887843072414399,"w":-0.7032870054244995},"size":2.294372081756592,"orthographic":false}