{"cameraMode":{"drawMode":0,"name":"Shaded","section":"Shading Mode"},"sceneLighting":false,"audioPlay":false,"sceneViewState":{"showFog":true,"showMaterialUpdate":false,"showSkybox":false,"showFlares":true,"showImageEffects":true,"showParticleSystems":true},"in2DMode":false,"pivot":{"x":0.10213513672351837,"y":-0.14561296999454499,"z":0.272214412689209},"rotation":{"x":0.15366074442863465,"y":-0.11826987564563751,"z":0.018528105691075326,"w":0.9808461666107178},"size":0.5786734223365784,"orthographic":false}