{"cameraMode":{"drawMode":0,"name":"Shaded","section":"Shading Mode"},"sceneLighting":false,"audioPlay":false,"sceneViewState":{"showFog":true,"showMaterialUpdate":false,"showSkybox":true,"showFlares":true,"showImageEffects":true,"showParticleSystems":true},"in2DMode":false,"pivot":{"x":13.500388145446778,"y":3.913449764251709,"z":19.500225067138673},"rotation":{"x":0.3362571597099304,"y":-0.017420800402760507,"z":0.006221263203769922,"w":0.9415919184684753},"size":14.308670043945313,"orthographic":false}