{"cameraMode":{"drawMode":0,"name":"Shaded","section":"Shading Mode"},"sceneLighting":false,"audioPlay":false,"sceneViewState":{"showFog":true,"showMaterialUpdate":false,"showSkybox":false,"showFlares":true,"showImageEffects":true,"showParticleSystems":true},"in2DMode":false,"pivot":{"x":0.12081046402454376,"y":-0.18993455171585084,"z":0.4251744747161865},"rotation":{"x":0.15366074442863465,"y":-0.11826987564563751,"z":0.018528105691075326,"w":0.9808461666107178},"size":0.5311140418052673,"orthographic":false}